                  epoch,         train/box_loss,         train/cls_loss,         train/dfl_loss,   metrics/precision(B),      metrics/recall(B),       metrics/mAP50(B),    metrics/mAP50-95(B),           val/box_loss,           val/cls_loss,           val/dfl_loss,                 lr/pg0,                 lr/pg1,                 lr/pg2
                      1,                  1.202,                 4.0821,                 1.3343,                0.09841,                0.19953,                0.13962,                   0.12,                0.88182,                 3.7989,                0.96533,               0.000119,               0.000119,               0.000119
                      2,                 1.0988,                   2.41,                  1.242,                0.96692,                0.12927,                 0.2617,                0.21522,                0.97684,                 3.0997,                 1.0312,             0.00023795,             0.00023795,             0.00023795
                      3,                  1.039,                 1.7826,                  1.192,                0.95959,                0.13031,                0.25695,                0.19981,                   1.05,                 3.1025,                 1.0958,             0.00035201,             0.00035201,             0.00035201
                      4,                 1.0486,                 1.6232,                 1.2079,                 0.9684,                0.11159,                0.23844,                0.15023,                 1.2359,                 3.3394,                 1.3237,             0.00044773,             0.00044773,             0.00044773
                      5,                 1.0193,                 1.5016,                 1.1835,                0.77919,                 0.3433,                0.38547,                0.25825,                 1.1927,                 1.7727,                 1.2683,             0.00044773,             0.00044773,             0.00044773
